{
  "credit": "Made with Blockbench",
  "texture_size": [
    18,
    35
  ],
  "elements": [
    {
      "from": [
        0,
        0,
        -6
      ],
      "to": [
        16,
        3,
        10
      ],
      "rotation": {
        "angle": 22.5,
        "axis": "y",
        "origin": [
          8,
          1.5,
          10
        ]
      },
      "faces": {
        "north": {
          "uv": [
            0.88889,
            14.17143,
            15.11111,
            15.54286
          ],
          "rotation": 180,
          "texture": "#2"
        },
        "east": {
          "uv": [
            0.88889,
            8.22857,
            3.55556,
            15.54286
          ],
          "rotation": 270,
          "texture": "#2"
        },
        "south": {
          "uv": [
            9.77778,
            8.22857,
            11.55556,
            9.6
          ],
          "texture": "#2"
        },
        "west": {
          "uv": [
            0.88889,
            8.22857,
            3.55556,
            15.54286
          ],
          "rotation": 90,
          "texture": "#2"
        },
        "up": {
          "uv": [
            0.88889,
            8.22857,
            15.11111,
            15.54286
          ],
          "rotation": 180,
          "texture": "#2"
        },
        "down": {
          "uv": [
            0.88889,
            8.22857,
            15.11111,
            15.54286
          ],
          "texture": "#2"
        }
      }
    },
    {
      "from": [
        0,
        0,
        10
      ],
      "to": [
        16,
        3,
        26
      ],
      "rotation": {
        "angle": 22.5,
        "axis": "y",
        "origin": [
          8,
          1.5,
          10
        ]
      },
      "faces": {
        "north": {
          "uv": [
            9.77778,
            6.4,
            11.55556,
            7.77143
          ],
          "rotation": 180,
          "texture": "#2"
        },
        "east": {
          "uv": [
            0.88889,
            0.45714,
            3.55556,
            7.77143
          ],
          "rotation": 270,
          "texture": "#2"
        },
        "south": {
          "uv": [
            0.88889,
            0.45714,
            15.11111,
            1.82857
          ],
          "texture": "#2"
        },
        "west": {
          "uv": [
            0.88889,
            0.45714,
            3.55556,
            7.77143
          ],
          "rotation": 90,
          "texture": "#2"
        },
        "up": {
          "uv": [
            0.88889,
            0.45714,
            15.11111,
            7.77143
          ],
          "rotation": 180,
          "texture": "#2"
        },
        "down": {
          "uv": [
            0.88889,
            0.45714,
            15.11111,
            7.77143
          ],
          "texture": "#2"
        }
      }
    }
  ],
  "display": {
    "thirdperson_righthand": {
      "rotation": [
        75,
        45,
        0
      ],
      "translation": [
        0,
        2.5,
        0
      ],
      "scale": [
        0.375,
        0.375,
        0.375
      ]
    },
    "thirdperson_lefthand": {
      "rotation": [
        75,
        45,
        0
      ],
      "translation": [
        0,
        2.5,
        0
      ],
      "scale": [
        0.375,
        0.375,
        0.375
      ]
    },
    "firstperson_righthand": {
      "rotation": [
        0,
        45,
        0
      ],
      "scale": [
        0.4,
        0.4,
        0.4
      ]
    },
    "firstperson_lefthand": {
      "rotation": [
        0,
        225,
        0
      ],
      "scale": [
        0.4,
        0.4,
        0.4
      ]
    },
    "ground": {
      "translation": [
        0,
        3,
        0
      ],
      "scale": [
        0.25,
        0.25,
        0.25
      ]
    },
    "gui": {
      "rotation": [
        30,
        225,
        0
      ],
      "translation": [
        0.5,
        0,
        0
      ],
      "scale": [
        0.42383,
        0.42383,
        0.42383
      ]
    },
    "fixed": {
      "scale": [
        0.5,
        0.5,
        0.5
      ]
    }
  }
}